Workbook

Sheet Principal
A1: documento | B1: Nombre Estudiante | C1: Apellido Estudiante | D1: ID Materia | E1: Materia | F1: Profesor | G1: Nota | H1: Estado
A2: 2 | B2: Jose | C2: Rojas | D2: 1 | E2: Calculo | F2: Echeverri | G2: 3 | H2: =IF(G2>=3,"Aprobo","Reprobo") -> Aprobo
A3: 3 | B3: Juan | C3: Torrejano | D3: 2 | E3: Programacion | F3: Chuchito | G3: 3.5 | H3: =IF(G3>=3.1,"Aprobo","Reprobo") -> Aprobo
A4: 2 | B4: Jose | C4: Rojas | D4: 2 | E4: Programacion | F4: Chuchito | G4: 2 | H4: =IF(G4>=3.5,"Aprobo","Reprobo") -> Reprobo
A5: 1 | B5: Andres | C5: Cadavid | D5: 1 | E5: Calculo | F5: Echeverri | G5: 1.5 | H5: =IF(G5>=3,"Aprobo","Reprobo") -> Reprobo
A6: 5 | B6: Karina | C6: Cantillo | D6: 1 | E6: Calculo | F6: Echeverri | G6: 2.6 | H6: =IF(G6>=3,"Aprobo","Reprobo") -> Reprobo
A7: 6 | B7: Jhon | C7: Marin | D7: 2 | E7: Programacion | F7: Chuchito | G7: 5 | H7: =IF(G7>=3,"Aprobo","Reprobo") -> Aprobo
A8: 4 | B8: Valentina | C8: Perdomo | D8: 2 | E8: Programacion | F8: Chuchito | G8: 2.3 | H8: =IF(G8>=3,"Aprobo","Reprobo") -> Reprobo
A9: 1 | B9: Andres | C9: Cadavid | D9: 2 | E9: Programacion | F9: Chuchito | G9: 1 | H9: =IF(G9>=3,"Aprobo","Reprobo") -> Reprobo

Sheet Estudiantes
A1: Documento | B1: Nombre | C1: Apellido | D1: Edad
A2: 1 | B2: =VLOOKUP(A2,Principal!A2:B9,2,) -> Andres | C2: =VLOOKUP(B2,Principal!B2:C9,2,) -> Cadavid | D2: 18
A3: 2 | B3: =VLOOKUP(A3,Principal!A3:B10,2,) -> Jose | C3: =VLOOKUP(B3,Principal!B3:C10,2,) -> Rojas | D3: 19
A4: 3 | B4: =VLOOKUP(A4,Principal!A4:B11,2,) -> #N/A | C4: =VLOOKUP(B4,Principal!B4:C11,2,) -> #N/A | D4: 17
A5: 4 | B5: =VLOOKUP(A5,Principal!A5:B12,2,) -> Valentina | C5: =VLOOKUP(B5,Principal!B5:C12,2,) -> Perdomo | D5: 15
A6: 5 | B6: =VLOOKUP(A6,Principal!A6:B13,2,) -> Karina | C6: =VLOOKUP(B6,Principal!B6:C13,2,) -> Cantillo | D6: 10
A7: 6 | B7: =VLOOKUP(A7,Principal!A7:B14,2,) -> Jhon | C7: =VLOOKUP(B7,Principal!B7:C14,2,) -> Marin | D7: 28

Sheet Materia
A1: ID | B1: Materia | C1: Profesor
A2: 1 | B2: =VLOOKUP(A2,Principal!D2:E8,2,) -> Calculo | C2: =VLOOKUP(B2,Principal!E2:F8,2,) -> Echeverri
A3: 2 | B3: =VLOOKUP(A3,Principal!D3:E9,2,) -> Programacion | C3: =VLOOKUP(B3,Principal!E3:F9,2,) -> Chuchito
